facet_direction,TERM,GO,dataset,n_genes,effect,fdr,neglog10_fdr
Positive,cell surface,GO:0009986,GSE37114,438,0.16411573826077688,4.876089832122296e-32,31.3119283019799
Positive,cell surface,GO:0009986,GSE39872,352,-1.1528559713506494,9.901459308736068e-21,20.004300792975616
Positive,cytosolic ribosome,GO:0022626,GSE134033,89,2.9523374542348058,3.746329423964875e-19,18.426394036699207
Positive,translation,GO:0006412,GSE134033,257,1.5502061685324942,7.529491846612182e-19,18.123234332651766
Positive,endoplasmic reticulum lumen,GO:0005788,GSE39872,204,-0.7333681900664446,2.0962688159933158e-18,17.678553026165037
Positive,ribonucleoprotein complex,GO:1990904,GSE134033,355,1.323756354752378,2.2262645340298974e-18,17.65242323225486
Positive,cytoplasmic translation,GO:0002181,GSE134033,109,2.5104192121441264,9.564106830388931e-18,17.019355581490885
Positive,external side of plasma membrane,GO:0009897,GSE37114,180,0.26041864489571936,1.2474848323837892e-15,14.903964726066953
Positive,protein glycosylation,GO:0006486,GSE37114,140,0.3133032316919236,4.221848486601409e-15,14.374497356678212
Positive,cell adhesion,GO:0007155,GSE37114,301,0.03796697018236057,4.221848486601409e-15,14.374497356678212
Positive,cell adhesion,GO:0007155,GSE39872,355,-1.3390418265348347,4.327157901965865e-15,14.363797256707622
Positive,structural constituent of ribosome,GO:0003735,GSE134033,145,2.035384859392986,6.910698554289542e-15,14.160478050608502
Positive,endoplasmic reticulum lumen,GO:0005788,GSE37114,90,0.5357616834141383,1.0072685864786698e-14,13.996854710109204
Positive,cell surface,GO:0009986,GSE134033,444,-0.41833972111000184,2.0568447657788324e-14,13.68679848414857
Positive,protein glycosylation,GO:0006486,GSE39872,143,-0.997726878097805,1.895025093840762e-9,8.722385034748987
Positive,cytosolic ribosome,GO:0022626,GSE37114,100,-1.3988876166896085,6.997851091204627e-9,8.155035303201526
Positive,external side of plasma membrane,GO:0009897,GSE134033,204,-0.48290075244975034,1.11394626341689e-8,7.953135758950809
Positive,cytoplasmic translation,GO:0002181,GSE37114,119,-1.2845659815885997,6.158827292559807e-8,7.210501974338048
Positive,translation,GO:0006412,GSE37114,271,-0.9611436080576148,3.918668550260733e-7,6.40686146856586
Positive,structural constituent of ribosome,GO:0003735,GSE37114,161,-1.1236120676023165,1.913009970134987e-6,5.718282766531342
Positive,growth factor binding,GO:0019838,GSE39872,35,0.2973963165150864,1.9719693835297544e-5,4.705099832126706
Positive,external side of plasma membrane,GO:0009897,GSE39872,134,-1.3363050497967028,2.709694595473693e-5,4.5670796548727495
Positive,cytosolic ribosome,GO:0022626,GSE39872,88,-1.5981550614342657,7.082822081218193e-5,4.149793667437196
Positive,protein disulfide isomerase activity,GO:0003756,GSE37114,15,0.9774004063002448,1.0077382177426546e-4,3.996652270822406
Positive,protein disulfide isomerase activity,GO:0003756,GSE39872,14,1.028572056128369,1.0643722145125024e-4,3.9729064712508646
Positive,transmembrane receptor protein tyrosine phosphatase activity,GO:0005001,GSE39872,11,1.4154552888004752,1.3493264541540107e-4,3.8698829650163056
Positive,cell adhesion,GO:0007155,GSE134033,332,-0.16308626511385943,1.6117865525036877e-4,3.792692471964912
Positive,growth factor binding,GO:0019838,GSE37114,35,0.46251518242292505,2.2286402312894583e-4,3.651960033886926
Positive,protein folding in endoplasmic reticulum,GO:0034975,GSE39872,10,1.9007539868924008,2.4167124787456896e-4,3.616775015426788
Positive,endodermal cell differentiation,GO:0035987,GSE39872,24,0.3408118616904232,8.068612702386293e-4,3.0932011303945646
Positive,ribonucleoprotein complex,GO:1990904,GSE37114,373,-0.8273738637917756,0.00117761355484711,2.928997204058357
Positive,endodermal cell differentiation,GO:0035987,GSE37114,21,0.2357293435695359,0.02558609663005005,1.5919959642625918
Positive,ribonucleoprotein complex,GO:1990904,GSE39872,350,-2.484354436478756,0.04387873445847144,1.3577459067497508
Positive,endoplasmic reticulum lumen,GO:0005788,GSE134033,87,-0.2978761554276055,0.04671539848550776,1.3305399422392352
Negative,cell surface,GO:0009986,GSE37114,438,0.16411573826077688,4.876089832122296e-32,31.3119283019799
Negative,extracellular matrix,GO:0031012,GSE134033,278,-0.9151265374730227,5.55653448395995e-23,22.25519598606795
Negative,Golgi membrane,GO:0000139,GSE37114,481,-0.01794415853437205,3.102205314201732e-21,20.508329462526888
Negative,cell surface,GO:0009986,GSE39872,352,-1.1528559713506494,9.901459308736068e-21,20.004300792975616
Negative,endoplasmic reticulum lumen,GO:0005788,GSE39872,204,-0.7333681900664446,2.0962688159933158e-18,17.678553026165037
Negative,cell adhesion,GO:0007155,GSE37114,301,0.03796697018236057,4.221848486601409e-15,14.374497356678212
Negative,cell adhesion,GO:0007155,GSE39872,355,-1.3390418265348347,4.327157901965865e-15,14.363797256707622
Negative,endoplasmic reticulum lumen,GO:0005788,GSE37114,90,0.5357616834141383,1.0072685864786698e-14,13.996854710109204
Negative,cell surface,GO:0009986,GSE134033,444,-0.41833972111000184,2.0568447657788324e-14,13.68679848414857
Negative,calcium ion binding,GO:0005509,GSE37114,372,-0.04738312384579784,3.862258617481037e-13,12.413158649152042
Negative,extracellular matrix,GO:0031012,GSE39872,221,-1.113194431984952,2.8969875761126924e-12,11.53805336728753
Negative,focal adhesion,GO:0005925,GSE39872,360,-1.6374970714789434,5.8573989716157455e-12,11.232295193375162
Negative,peptidase inhibitor activity,GO:0030414,GSE134033,60,-1.6696852846212906,1.4257220832877958e-11,10.845965123472656
Negative,transmembrane transport,GO:0055085,GSE37114,321,-0.04832928758945172,1.808839144060087e-11,10.742600052240897
Negative,serine-type endopeptidase inhibitor activity,GO:0004867,GSE134033,50,-1.804645258521267,2.4602162393740675e-11,10.609026719140664
Negative,apical plasma membrane,GO:0016324,GSE37114,275,-0.01982272210566181,1.254879477757844e-10,9.901397983073922
Negative,monoatomic ion transport,GO:0006811,GSE37114,335,-0.09680496372957464,2.7223979119373273e-9,8.565048397013351
Negative,collagen trimer,GO:0005581,GSE134033,55,-1.3042469749454375,6.0887582462204975e-9,8.215471269239409
Negative,calcium ion binding,GO:0005509,GSE39872,365,-1.7512128884229774,1.1908279074314741e-8,7.924150996076477
Negative,extracellular matrix,GO:0031012,GSE37114,215,-0.02257530579556072,1.2704769714237631e-8,7.8960332025335065
Negative,apical plasma membrane,GO:0016324,GSE39872,199,-1.3349336481399563,3.67439728790659e-8,7.434813888145227
Negative,cell adhesion,GO:0007155,GSE134033,332,-0.16308626511385943,1.6117865525036877e-4,3.792692471964912
Negative,calcium ion binding,GO:0005509,GSE134033,381,-0.1476320064598018,4.935433626360841e-4,3.306674684278533
Negative,serine-type endopeptidase inhibitor activity,GO:0004867,GSE37114,35,0.3640559225146508,8.175045132740254e-4,3.0875098410106805
Negative,monoatomic ion transport,GO:0006811,GSE134033,312,-0.09458183900402518,0.00144945520440457,2.8387952020271814
Negative,transmembrane transport,GO:0055085,GSE39872,291,-2.0472929018001462,0.00206195551651006,2.685720708180826
Negative,monoatomic ion transport,GO:0006811,GSE39872,336,-2.245771804533621,0.01773243698881055,1.7512315747170175
Negative,serine-type endopeptidase inhibitor activity,GO:0004867,GSE39872,34,-1.112769651372053,0.01805860260173204,1.7433158589968687
Negative,transmembrane transport,GO:0055085,GSE134033,291,-0.01731790899890156,0.02341739308039398,1.6304614540038886
Negative,peptidase inhibitor activity,GO:0030414,GSE37114,42,0.07272420926522451,0.03188695299595304,1.4963869784135695
Negative,endoplasmic reticulum lumen,GO:0005788,GSE134033,87,-0.2978761554276055,0.04671539848550776,1.3305399422392352
